run,aik_sign_ns,verify_ns,accepted,l2_missed
0,20467944,819857,1,1
1,19740581,438298,1,1
2,22616373,595824,1,1
3,18874964,434506,1,1
4,19575368,428317,1,1
5,17856695,368621,1,1
6,15841720,309076,1,1
7,17210787,379238,1,1
8,18724418,445806,1,1
9,18111292,376671,1,1
10,16611122,645529,1,1
11,19126964,400471,1,1
12,17734252,320296,1,1
13,16108723,301817,1,1
14,15519702,314884,1,1
15,15491596,277551,1,1
16,16690983,328432,1,1
17,19561013,407492,1,1
18,16831548,434972,1,1
19,16943710,281488,1,1
20,14810305,252851,1,1
21,18267814,374575,1,1
22,17975741,302172,1,1
23,15294436,267756,1,1
24,15306730,276265,1,1
25,17214341,318271,1,1
26,18347961,400560,1,1
27,22587980,319643,1,1
28,20090614,344741,1,1
29,16241128,368682,1,1
30,18517203,411531,1,1
31,18641873,437609,1,1
32,19384832,412035,1,1
33,17781352,388120,1,1
34,17021134,364774,1,1
35,15825585,326565,1,1
36,20809681,325843,1,1
37,15827614,316853,1,1
38,15982500,345789,1,1
39,16360931,322799,1,1
40,19624834,362839,1,1
41,17476693,411715,1,1
42,15446047,342543,1,1
43,16596187,755604,1,1
44,17637641,371284,1,1
45,16746365,342140,1,1
46,17049302,350955,1,1
47,17131804,386957,1,1
48,15498643,450900,1,1
49,16686539,286153,1,1
