run,base_sign_ns,hard_sign_ns,base_wire_bytes,hard_wire_bytes,qdata_bytes
0,1622442,334861,533,530,32
1,491639,395149,533,530,32
2,485974,377992,533,530,32
3,317456,301813,533,530,32
4,301896,436765,533,530,32
5,376999,301175,533,530,32
6,314602,301707,533,530,32
7,299717,468873,533,530,32
8,372676,322971,533,530,32
9,302626,300063,533,530,32
10,313285,301546,533,530,32
11,299415,312033,533,530,32
12,339731,315644,533,530,32
13,549244,383605,533,530,32
14,449882,383780,533,530,32
15,299912,455269,533,530,32
16,715064,306881,533,530,32
17,304519,340188,533,530,32
18,305539,302592,533,530,32
19,441338,384109,533,530,32
20,318189,304206,533,530,32
21,302575,319917,533,530,32
22,304174,304350,533,530,32
23,473751,377856,533,530,32
24,300814,314725,533,530,32
25,300814,298963,533,530,32
26,446483,382784,533,530,32
27,315474,323527,533,530,32
28,318789,334413,533,530,32
29,301934,298802,533,530,32
30,310934,300642,533,530,32
31,298935,313225,533,530,32
32,605449,443900,533,530,32
33,379046,300316,533,530,32
34,347936,302986,533,530,32
35,298967,440696,533,530,32
36,376236,313995,533,530,32
37,300672,298787,533,530,32
38,310963,300278,533,530,32
39,334819,348221,533,530,32
40,302987,299437,533,530,32
41,440733,385706,533,530,32
42,300483,430559,533,530,32
43,302674,405542,533,530,32
44,370708,471991,533,530,32
45,374000,316318,533,530,32
46,302576,299658,533,530,32
47,299735,556956,533,530,32
48,616217,303536,533,530,32
49,299041,331121,533,530,32
50,301588,298593,533,530,32
51,313387,306369,533,530,32
52,298938,310983,533,530,32
53,300226,351496,533,530,32
54,463215,842749,533,530,32
55,387674,301919,533,530,32
56,314929,301998,533,530,32
57,299909,315261,533,530,32
58,301488,299770,533,530,32
59,313533,301694,533,530,32
60,300048,469660,533,530,32
61,377510,318445,533,530,32
62,302274,299916,533,530,32
63,311701,302332,533,530,32
64,595456,351366,533,530,32
65,318855,406759,533,530,32
66,419863,300580,533,530,32
67,436145,384112,533,530,32
68,437744,384152,533,530,32
69,324498,319977,533,530,32
70,302588,337941,533,530,32
71,302130,298785,533,530,32
72,440883,387235,533,530,32
73,300018,435629,533,530,32
74,377422,344989,533,530,32
75,304863,299440,533,530,32
76,467963,375926,533,530,32
77,438156,384243,533,530,32
78,300271,416293,533,530,32
79,301531,523510,533,530,32
80,867875,310904,533,530,32
81,314592,301478,533,530,32
82,299332,299248,533,530,32
83,444557,384281,533,530,32
84,480510,391316,533,530,32
85,340648,302798,533,530,32
86,299471,316046,533,530,32
87,301758,299062,533,530,32
88,312811,301484,533,530,32
89,299208,312250,533,530,32
90,301285,299270,533,530,32
91,347369,305921,533,530,32
92,299951,299782,533,530,32
93,318208,300624,533,530,32
94,298522,313078,533,530,32
95,301141,298866,533,530,32
96,606694,301356,533,530,32
97,326755,301603,533,530,32
98,299083,440470,533,530,32
99,397427,316041,533,530,32
100,301553,299164,533,530,32
101,298856,316390,533,530,32
102,301436,298995,533,530,32
103,329987,302268,533,530,32
104,299089,313765,533,530,32
105,300972,299019,533,530,32
106,312001,300733,533,530,32
107,298542,311934,533,530,32
108,345141,306266,533,530,32
109,332915,336673,533,530,32
110,306442,315339,533,530,32
111,313575,298913,533,530,32
112,612555,315412,533,530,32
113,315562,301233,533,530,32
114,298950,299220,533,530,32
115,314602,301225,533,530,32
116,299073,314182,533,530,32
117,301066,299924,533,530,32
118,319432,301196,533,530,32
119,299092,312462,533,530,32
120,300943,299173,533,530,32
121,331932,330655,533,530,32
122,304221,314004,533,530,32
123,301028,299584,533,530,32
124,313534,301106,533,530,32
125,299014,299146,533,530,32
126,313196,301203,533,530,32
127,298676,497425,533,530,32
128,705504,302439,533,530,32
129,319450,313357,533,530,32
130,301550,299639,533,530,32
131,316143,301992,533,530,32
132,299929,329917,533,530,32
133,303020,299968,533,530,32
134,313459,302183,533,530,32
135,299824,299656,533,530,32
136,315219,299845,533,530,32
137,299617,422399,533,530,32
138,429695,351009,533,530,32
139,619110,321433,533,530,32
140,302179,300367,533,530,32
141,406726,307953,533,530,32
142,300481,313441,533,530,32
143,311837,299875,533,530,32
144,648937,304044,533,530,32
145,315566,301956,533,530,32
146,299980,314258,533,530,32
147,301807,300002,533,530,32
148,312252,300891,533,530,32
149,298746,316707,533,530,32
150,310621,314452,533,530,32
151,301345,314926,533,530,32
152,300442,298484,533,530,32
153,312505,300453,533,530,32
154,298276,449840,533,530,32
155,382666,470164,533,530,32
156,376190,442370,533,530,32
157,376790,299716,533,530,32
158,437422,384364,533,530,32
159,442088,385026,533,530,32
160,635721,302948,533,530,32
161,456655,373466,533,530,32
162,315524,302660,533,530,32
163,300068,299917,533,530,32
164,312504,301572,533,530,32
165,501537,414643,533,530,32
166,313973,346103,533,530,32
167,305628,299516,533,530,32
168,316213,301026,533,530,32
169,298661,312196,533,530,32
170,301236,298813,533,530,32
171,332157,302497,533,530,32
172,299187,328123,533,530,32
173,302200,298869,533,530,32
174,312556,300918,533,530,32
175,304312,312004,533,530,32
176,604653,328417,533,530,32
177,302887,326283,533,530,32
178,313274,310507,533,530,32
179,301846,298715,533,530,32
180,312223,300672,533,530,32
181,298509,311553,533,530,32
182,300641,298838,533,530,32
183,327893,302058,533,530,32
184,298947,315159,533,530,32
185,300766,298930,533,530,32
186,312091,300822,533,530,32
187,298525,298709,533,530,32
188,304527,299148,533,530,32
189,298478,337018,533,530,32
190,302371,298816,533,530,32
191,313155,300683,533,530,32
192,624442,301209,533,530,32
193,299296,462115,533,530,32
194,387295,554689,533,530,32
195,397610,325719,533,530,32
196,343629,306148,533,530,32
197,316146,301134,533,530,32
198,299338,310605,533,530,32
199,301281,298858,533,530,32
200,331706,301962,533,530,32
201,301322,316238,533,530,32
202,304964,300873,533,530,32
203,300513,312426,533,530,32
204,302242,300407,533,530,32
205,314875,302728,533,530,32
206,300447,332319,533,530,32
207,317033,326247,533,530,32
208,639001,313078,533,530,32
209,316809,302184,533,530,32
210,300348,312837,533,530,32
211,302320,300295,533,530,32
212,479612,381777,533,530,32
213,314405,302376,533,530,32
214,300687,300475,533,530,32
215,442090,386878,533,530,32
216,334805,304347,533,530,32
217,300442,472902,533,530,32
218,380009,314991,533,530,32
219,302650,300757,533,530,32
220,314515,303068,533,530,32
221,300638,313950,533,530,32
222,302392,300840,533,530,32
223,300153,316724,533,530,32
224,679130,309979,533,530,32
225,326333,324251,533,530,32
226,303068,300523,533,530,32
227,300147,312580,533,530,32
228,301995,300265,533,530,32
229,483105,382376,533,530,32
230,318872,302678,533,530,32
231,300446,312509,533,530,32
232,302081,311925,533,530,32
233,316763,303387,533,530,32
234,300788,331550,533,530,32
235,304331,301114,533,530,32
236,323577,325946,533,530,32
237,304666,316741,533,530,32
238,303289,308418,533,530,32
239,301040,313727,533,530,32
240,599659,334966,533,530,32
241,304229,301066,533,530,32
242,314457,303250,533,530,32
243,316471,317771,533,530,32
244,303057,301013,533,530,32
245,317275,303828,533,530,32
246,301351,523800,533,530,32
247,384797,441586,533,530,32
248,379164,302087,533,530,32
249,304019,301437,533,530,32
250,301452,313637,533,530,32
251,303393,301225,533,530,32
252,332154,304432,533,530,32
253,350895,324019,533,530,32
254,303707,301656,533,530,32
255,454854,393634,533,530,32
256,619281,304271,533,530,32
257,482189,380928,533,530,32
258,318154,304036,533,530,32
259,301197,320881,533,530,32
260,304097,301378,533,530,32
261,301073,316814,533,530,32
262,303173,300813,533,530,32
263,331461,303853,533,530,32
264,301329,316593,533,530,32
265,338529,316461,533,530,32
266,325792,306463,533,530,32
267,301525,443627,533,530,32
268,381064,340982,533,530,32
269,325108,299944,533,530,32
270,448904,398165,533,530,32
271,314216,300864,533,530,32
272,593517,317418,533,530,32
273,301193,298802,533,530,32
274,333047,302290,533,530,32
275,298727,439696,533,530,32
276,378326,316365,533,530,32
277,301022,299070,533,530,32
278,313613,301121,533,530,32
279,298858,329970,533,530,32
280,302412,299622,533,530,32
281,298576,362813,533,530,32
282,315468,308958,533,530,32
283,342134,305945,533,530,32
284,299464,301769,533,530,32
285,298861,299002,533,530,32
286,334910,301645,533,530,32
287,298838,316071,533,530,32
288,592375,314086,533,530,32
289,300763,298858,533,530,32
290,310460,300132,533,530,32
291,298605,330496,533,530,32
292,302243,298728,533,530,32
293,314214,301067,533,530,32
294,327547,305273,533,530,32
295,301981,327640,533,530,32
296,303746,314461,533,530,32
297,371443,478500,533,530,32
298,334518,305776,533,530,32
299,315519,300859,533,530,32
300,299144,313850,533,530,32
301,300671,298712,533,530,32
302,459901,409373,533,530,32
303,332711,333738,533,530,32
304,619260,301993,533,530,32
305,299263,298504,533,530,32
306,312431,300799,533,530,32
307,298551,311098,533,530,32
308,300908,299284,533,530,32
309,460259,386055,533,530,32
310,315065,301747,533,530,32
311,299319,477075,533,530,32
312,382637,332474,533,530,32
313,306005,299337,533,530,32
314,475277,420751,533,530,32
315,446705,385153,533,530,32
316,300759,315879,533,530,32
317,301294,298873,533,530,32
318,311635,301208,533,530,32
319,298829,335345,533,530,32
320,607913,313161,533,530,32
321,300892,325181,533,530,32
322,328493,449057,533,530,32
323,526278,388583,533,530,32
324,443609,379567,533,530,32
325,303988,444341,533,530,32
326,377897,314482,533,530,32
327,301717,299172,533,530,32
328,316652,301733,533,530,32
329,299140,344933,533,530,32
330,302546,298726,533,530,32
331,312283,301119,533,530,32
332,298961,299107,533,530,32
333,313523,301140,533,530,32
334,299175,467438,533,530,32
335,380834,484258,533,530,32
336,711571,305782,533,530,32
337,303734,486638,533,530,32
338,386481,441382,533,530,32
339,404552,343780,533,530,32
340,303266,299624,533,530,32
341,311094,303959,533,530,32
342,299365,299260,533,530,32
343,314672,300172,533,530,32
344,298970,311166,533,530,32
345,301192,299115,533,530,32
346,336786,302973,533,530,32
347,299583,313979,533,530,32
348,301297,299262,533,530,32
349,347231,315281,533,530,32
350,308325,318266,533,530,32
351,301343,299000,533,530,32
352,636042,302470,533,530,32
353,324717,301372,533,530,32
354,298881,298804,533,530,32
355,311906,299361,533,530,32
356,298337,447295,533,530,32
357,380400,336753,533,530,32
358,301815,298483,533,530,32
359,314228,301195,533,530,32
360,298735,311714,533,530,32
361,300444,298846,533,530,32
362,316992,300470,533,530,32
363,298918,443300,533,530,32
364,387718,299819,533,530,32
365,440186,384076,533,530,32
366,449430,431384,533,530,32
367,321156,301661,533,530,32
368,849915,384434,533,530,32
369,443081,387077,533,530,32
370,436384,387658,533,530,32
371,299827,312199,533,530,32
372,301498,298810,533,530,32
373,462135,385014,533,530,32
374,437693,382871,533,530,32
375,312101,332597,533,530,32
376,313910,323544,533,530,32
377,300647,298743,533,530,32
378,335881,302343,533,530,32
379,298749,298475,533,530,32
380,313613,455604,533,530,32
381,514649,386273,533,530,32
382,317124,302552,533,530,32
383,300043,467930,533,530,32
384,702186,303553,533,530,32
385,300276,300303,533,530,32
386,531467,317052,533,530,32
387,431586,377564,533,530,32
388,467731,377825,533,530,32
389,443258,385868,533,530,32
390,300820,545809,533,530,32
391,365834,449299,533,530,32
392,375118,384480,533,530,32
393,307649,299690,533,530,32
394,316806,301659,533,530,32
395,298777,448435,533,530,32
396,377083,316239,533,530,32
397,301221,298918,533,530,32
398,345932,301729,533,530,32
399,298878,434011,533,530,32
400,682456,317650,533,530,32
401,346086,305756,533,530,32
402,316152,301103,533,530,32
403,299110,330413,533,530,32
404,302522,298991,533,530,32
405,318557,301039,533,530,32
406,299143,425756,533,530,32
407,376933,313391,533,530,32
408,304300,299402,533,530,32
409,468897,378559,533,530,32
410,300653,311941,533,530,32
411,300819,298920,533,530,32
412,436642,383061,533,530,32
413,312793,300794,533,530,32
414,299651,330119,533,530,32
415,302160,298947,533,530,32
416,619081,301603,533,530,32
417,298980,311731,533,530,32
418,301264,298842,533,530,32
419,343603,305702,533,530,32
420,299256,351439,533,530,32
421,312461,299794,533,530,32
422,450860,389103,533,530,32
423,436984,383332,533,530,32
424,435130,385523,533,530,32
425,464387,380872,533,530,32
426,300334,312184,533,530,32
427,300990,299154,533,530,32
428,313659,300994,533,530,32
429,333276,320402,533,530,32
430,314555,298890,533,530,32
431,467465,380137,533,530,32
432,617048,301236,533,530,32
433,313143,301106,533,530,32
434,298799,298940,533,530,32
435,315646,300848,533,530,32
436,299020,338340,533,530,32
437,302392,299036,533,530,32
438,313104,300847,533,530,32
439,298725,310796,533,530,32
440,300760,298751,533,530,32
441,312721,301171,533,530,32
442,299306,327870,533,530,32
443,301554,299132,533,530,32
444,299180,312240,533,530,32
445,300688,298891,533,530,32
446,314208,300529,533,530,32
447,299016,310538,533,530,32
448,655822,340547,533,530,32
449,337948,306312,533,530,32
450,318386,301553,533,530,32
451,299004,313251,533,530,32
452,301150,298982,533,530,32
453,312100,301265,533,530,32
454,298993,482148,533,530,32
455,380709,300326,533,530,32
456,301864,312115,533,530,32
457,299830,435711,533,530,32
458,389322,328450,533,530,32
459,302754,299356,533,530,32
460,334914,302637,533,530,32
461,299452,311627,533,530,32
462,312533,299689,533,530,32
463,443449,387227,533,530,32
464,621491,302735,533,530,32
465,323458,303646,533,530,32
466,299524,299318,533,530,32
467,311626,300955,533,530,32
468,299606,313531,533,530,32
469,301047,299176,533,530,32
470,312682,301416,533,530,32
471,298853,328547,533,530,32
472,302345,299640,533,530,32
473,312163,301343,533,530,32
474,299203,299419,533,530,32
475,314245,299108,533,530,32
476,299233,313135,533,530,32
477,305886,326725,533,530,32
478,481264,415258,533,530,32
479,323480,302259,533,530,32
480,615439,302266,533,530,32
481,299320,432804,533,530,32
482,378197,338649,533,530,32
483,302759,299235,533,530,32
484,312425,301257,533,530,32
485,299208,298680,533,530,32
486,312367,301051,533,530,32
487,299166,339938,533,530,32
488,314476,308440,533,530,32
489,338315,352380,533,530,32
490,339078,320041,533,530,32
491,301353,299297,533,530,32
492,313694,301443,533,530,32
493,299098,325896,533,530,32
494,301295,299457,533,530,32
495,330102,302405,533,530,32
496,634019,304440,533,530,32
497,299484,313435,533,530,32
498,300655,299196,533,530,32
499,440426,390155,533,530,32
500,300424,336328,533,530,32
501,301979,299247,533,530,32
502,313193,301457,533,530,32
503,299256,313209,533,530,32
504,300977,299065,533,530,32
505,438488,385266,533,530,32
506,542135,391867,533,530,32
507,359532,307222,533,530,32
508,300166,315239,533,530,32
509,301456,298958,533,530,32
510,312705,301356,533,530,32
511,299071,318896,533,530,32
512,601786,300452,533,530,32
513,313128,301237,533,530,32
514,299172,312515,533,530,32
515,301086,299046,533,530,32
516,312601,334844,533,530,32
517,304938,333301,533,530,32
518,302049,299161,533,530,32
519,312583,301022,533,530,32
520,315078,317227,533,530,32
521,303872,301861,533,530,32
522,443727,392290,533,530,32
523,303033,337448,533,530,32
524,305040,302169,533,530,32
525,315415,316561,533,530,32
526,301492,313602,533,530,32
527,303575,301914,533,530,32
528,615100,304530,533,530,32
529,330642,304860,533,530,32
530,301673,315878,533,530,32
531,303715,301677,533,530,32
532,314628,303713,533,530,32
533,313466,303026,533,530,32
534,488155,348953,533,530,32
535,377278,319703,533,530,32
536,311496,332626,533,530,32
537,333966,307397,533,530,32
538,326692,304339,533,530,32
539,301635,315876,533,530,32
540,303995,302088,533,530,32
541,336079,304737,533,530,32
542,302117,315246,533,530,32
543,303599,302018,533,530,32
544,616633,304523,533,530,32
545,315606,303441,533,530,32
546,331658,350888,533,530,32
547,314489,307569,533,530,32
548,315718,312583,533,530,32
549,302795,315423,533,530,32
550,303394,301753,533,530,32
551,301764,318438,533,530,32
552,302541,301677,533,530,32
553,328576,303970,533,530,32
554,302174,314507,533,530,32
555,303709,302162,533,530,32
556,314926,303458,533,530,32
557,301795,327409,533,530,32
558,303658,301835,533,530,32
559,330050,304246,533,530,32
560,601516,303980,533,530,32
561,301968,301695,533,530,32
562,315581,303102,533,530,32
563,301741,315694,533,530,32
564,303393,301719,533,530,32
565,329488,331260,533,530,32
566,307679,319895,533,530,32
567,303967,328668,533,530,32
568,322626,320694,533,530,32
569,303839,317260,533,530,32
570,304050,301593,533,530,32
571,331332,304916,533,530,32
572,302040,425630,533,530,32
573,381667,432162,533,530,32
574,382010,303093,533,530,32
575,315168,303976,533,530,32
576,680340,309570,533,530,32
577,302514,314247,533,530,32
578,303644,301807,533,530,32
579,440259,389441,533,530,32
580,317860,303991,533,530,32
581,301848,344108,533,530,32
582,305148,301862,533,530,32
583,314221,303225,533,530,32
584,301891,301663,533,530,32
585,316914,303473,533,530,32
586,311190,315606,533,530,32
587,304097,301639,533,530,32
588,331972,304773,533,530,32
589,302305,322559,533,530,32
590,303681,301679,533,530,32
591,314103,303383,533,530,32
592,603169,303973,533,530,32
593,300951,466718,533,530,32
594,379031,365334,533,530,32
595,316330,802142,533,530,32
596,384953,300220,533,530,32
597,312808,300965,533,530,32
598,298642,341404,533,530,32
599,302833,298823,533,530,32
600,311246,300633,533,530,32
601,298391,312475,533,530,32
602,300581,298546,533,530,32
603,460315,389868,533,530,32
604,346453,316426,533,530,32
605,299499,313933,533,530,32
606,300503,298690,533,530,32
607,298321,313871,533,530,32
608,602196,314283,533,530,32
609,300972,298814,533,530,32
610,338435,302419,533,530,32
611,299085,311349,533,530,32
612,300761,299022,533,530,32
613,310471,300597,533,530,32
614,298828,313584,533,530,32
615,300700,299012,533,530,32
616,315954,302402,533,530,32
617,298813,299024,533,530,32
618,441063,386971,533,530,32
619,313463,300762,533,530,32
620,299079,310717,533,530,32
621,310823,298820,533,530,32
622,326568,301510,533,530,32
623,298686,341265,533,530,32
624,635150,317740,533,530,32
625,350237,306358,533,530,32
626,443468,385928,533,530,32
627,325786,303869,533,530,32
628,299183,299011,533,530,32
629,311822,300370,533,530,32
630,298652,435076,533,530,32
631,376079,313049,533,530,32
632,300458,298944,533,530,32
633,332572,330394,533,530,32
634,304817,314675,533,530,32
635,300671,298817,533,530,32
636,310442,300933,533,530,32
637,298746,298838,533,530,32
638,312889,300461,533,530,32
639,298528,331490,533,530,32
640,606249,311588,533,530,32
641,300616,298918,533,530,32
642,310311,300443,533,530,32
643,298839,434702,533,530,32
644,379153,299608,533,530,32
645,314377,299741,533,530,32
646,299033,311953,533,530,32
647,300850,298913,533,530,32
648,314137,300630,533,530,32
649,298478,465899,533,530,32
650,382726,338563,533,530,32
651,302273,299570,533,530,32
652,440801,431017,533,530,32
653,456767,417836,533,530,32
654,320770,301949,533,530,32
655,299210,299029,533,530,32
656,635958,301530,533,530,32
657,314478,301065,533,530,32
658,298873,310212,533,530,32
659,300385,298655,533,530,32
660,311981,300416,533,530,32
661,298852,329676,533,530,32
662,301599,325896,533,530,32
663,319836,301166,533,530,32
664,315961,312444,533,530,32
665,300727,298598,533,530,32
666,298541,313088,533,530,32
667,301122,298561,533,530,32
668,337289,302276,533,530,32
669,299052,448906,533,530,32
670,382493,313809,533,530,32
671,300940,299022,533,530,32
672,735147,381256,533,530,32
673,429768,301729,533,530,32
674,315700,302277,533,530,32
675,300580,314486,533,530,32
676,306484,302313,533,530,32
677,314121,301859,533,530,32
678,300751,334209,533,530,32
679,303093,300248,533,530,32
680,315906,305056,533,530,32
681,334569,472117,533,530,32
682,544428,329981,533,530,32
683,303296,300485,533,530,32
684,337333,303306,533,530,32
685,311073,312657,533,530,32
686,302416,300092,533,530,32
687,312169,302221,533,530,32
688,610073,303229,533,530,32
689,300433,462727,533,530,32
690,383667,332235,533,530,32
691,337061,311733,533,530,32
692,307096,312612,533,530,32
693,302310,300293,533,530,32
694,441590,386930,533,530,32
695,338120,303441,533,530,32
696,301500,314108,533,530,32
697,301752,300601,533,530,32
698,434881,385657,533,530,32
699,301095,482811,533,530,32
700,394764,532518,533,530,32
701,304836,466511,533,530,32
702,398733,349839,533,530,32
703,305753,301668,533,530,32
704,723926,546642,533,530,32
705,377532,436712,533,530,32
706,380647,301531,533,530,32
707,492196,390368,533,530,32
708,346978,307543,533,530,32
709,301058,481213,533,530,32
710,377473,314921,533,530,32
711,302655,300583,533,530,32
712,315322,302715,533,530,32
713,300360,316682,533,530,32
714,302239,300226,533,530,32
715,329982,303507,533,530,32
716,300369,300474,533,530,32
717,601616,304275,533,530,32
718,449386,384980,533,530,32
719,440765,385326,533,530,32
720,640147,303979,533,530,32
721,443648,388765,533,530,32
722,440199,387979,533,530,32
723,301220,432341,533,530,32
724,378760,336795,533,530,32
725,304890,300270,533,530,32
726,438407,385029,533,530,32
727,315483,302312,533,530,32
728,301002,300006,533,530,32
729,302416,300765,533,530,32
730,300373,497149,533,530,32
731,371076,317439,533,530,32
732,302869,300073,533,530,32
733,312170,354428,533,530,32
734,316251,322532,533,530,32
735,336600,306812,533,530,32
736,640175,303823,533,530,32
737,313892,302070,533,530,32
738,300476,312294,533,530,32
739,302291,300318,533,530,32
740,445077,387355,533,530,32
741,337776,304632,533,530,32
742,301154,300524,533,530,32
743,319262,320132,533,530,32
744,304221,426196,533,530,32
745,376381,317673,533,530,32
746,303068,300711,533,530,32
747,334978,303604,533,530,32
748,300410,334230,533,530,32
749,302173,300349,533,530,32
750,314229,301971,533,530,32
751,299966,311918,533,530,32
752,605396,301247,533,530,32
753,327867,303316,533,530,32
754,300491,313039,533,530,32
755,301741,300593,533,530,32
756,313670,301949,533,530,32
757,300002,312148,533,530,32
758,302627,300537,533,530,32
759,470426,380639,533,530,32
760,317653,317524,533,530,32
761,300176,298815,533,530,32
762,312573,322701,533,530,32
763,322635,491079,533,530,32
764,388226,448030,533,530,32
765,302073,435875,533,530,32
766,378260,314264,533,530,32
767,300352,299096,533,530,32
768,607709,301285,533,530,32
769,334817,327566,533,530,32
770,304099,313825,533,530,32
771,301006,325945,533,530,32
772,454323,604016,533,530,32
773,315362,301328,533,530,32
774,299114,465968,533,530,32
775,378231,312396,533,530,32
776,300710,298790,533,530,32
777,298406,310443,533,530,32
778,299670,298647,533,530,32
779,311489,300665,533,530,32
780,298598,438775,533,530,32
781,374770,314513,533,530,32
782,302318,299849,533,530,32
783,436674,379742,533,530,32
784,622180,302903,533,530,32
785,300128,329565,533,530,32
786,302426,300102,533,530,32
787,314660,301739,533,530,32
788,300051,311710,533,530,32
789,301409,299915,533,530,32
790,368396,307663,533,530,32
791,299641,356170,533,530,32
792,324778,303938,533,530,32
793,314997,300920,533,530,32
794,298725,311116,533,530,32
795,300436,298990,533,530,32
796,298710,301027,533,530,32
797,298767,298610,533,530,32
798,332340,301525,533,530,32
799,298741,310174,533,530,32
800,637638,331441,533,530,32
801,310126,307856,533,530,32
802,313524,300773,533,530,32
803,298619,330893,533,530,32
804,302026,298670,533,530,32
805,310775,300180,533,530,32
806,298506,310036,533,530,32
807,300832,298821,533,530,32
808,298500,309959,533,530,32
809,300346,298680,533,530,32
810,324861,301586,533,530,32
811,298745,313800,533,530,32
812,300627,311499,533,530,32
813,311078,300400,533,530,32
814,313017,312506,533,530,32
815,300475,298518,533,530,32
816,625070,302227,533,530,32
817,298653,312960,533,530,32
818,300786,298696,533,530,32
819,317125,300902,533,530,32
820,298782,314326,533,530,32
821,331448,304911,533,530,32
822,330616,336235,533,530,32
823,304308,315522,533,530,32
824,300940,298765,533,530,32
825,310722,301020,533,530,32
826,298725,314100,533,530,32
827,301158,298983,533,530,32
828,327352,301353,533,530,32
829,298604,298566,533,530,32
830,316088,300409,533,530,32
831,308739,328338,533,530,32
832,599590,313867,533,530,32
833,300810,298951,533,530,32
834,330419,301407,533,530,32
835,298799,309881,533,530,32
836,300629,298577,533,530,32
837,462085,398053,533,530,32
838,315313,301305,533,530,32
839,298903,298775,533,530,32
840,316053,299038,533,530,32
841,298668,419755,533,530,32
842,374258,437293,533,530,32
843,376481,347295,533,530,32
844,384616,318152,533,530,32
845,441896,379058,533,530,32
846,312920,304039,533,530,32
847,299181,298886,533,530,32
848,597208,299353,533,530,32
849,313868,335287,533,530,32
850,312765,334219,533,530,32
851,301937,339784,533,530,32
852,449612,380248,533,530,32
853,312555,300658,533,530,32
854,298896,314229,533,530,32
855,300516,298891,533,530,32
856,328613,301437,533,530,32
857,298921,453865,533,530,32
858,384711,307487,533,530,32
859,457193,301668,533,530,32
860,442835,384844,533,530,32
861,345911,302925,533,530,32
862,299472,312076,533,530,32
863,300997,298699,533,530,32
864,696739,333835,533,530,32
865,401826,353536,533,530,32
866,332150,302328,533,530,32
867,299082,299048,533,530,32
868,405840,359414,533,530,32
869,423710,367918,533,530,32
870,300460,311360,533,530,32
871,300507,299192,533,530,32
872,330414,301818,533,530,32
873,298945,316496,533,530,32
874,301608,298809,533,530,32
875,313704,300711,533,530,32
876,306649,313288,533,530,32
877,300471,298878,533,530,32
878,402380,316818,533,530,32
879,306058,360431,533,530,32
880,608665,448480,533,530,32
881,382414,313416,533,530,32
882,301331,299001,533,530,32
883,324059,302746,533,530,32
884,298966,298369,533,530,32
885,438738,383031,533,530,32
886,314996,328944,533,530,32
887,313877,325390,533,530,32
888,309104,298986,533,530,32
889,331289,302011,533,530,32
890,299471,313698,533,530,32
891,300539,299060,533,530,32
892,442226,384125,533,530,32
893,300071,311851,533,530,32
894,301343,298965,533,530,32
895,329823,301494,533,530,32
896,738565,384139,533,530,32
897,312847,300703,533,530,32
898,299378,310884,533,530,32
899,300421,298886,533,530,32
900,317057,303097,533,530,32
901,298569,298812,533,530,32
902,316391,301501,533,530,32
903,298821,311431,533,530,32
904,300639,298844,533,530,32
905,313089,300354,533,530,32
906,298559,528483,533,530,32
907,383681,440522,533,530,32
908,425105,315840,533,530,32
909,301776,299303,533,530,32
910,314236,301213,533,530,32
911,298804,319164,533,530,32
912,611230,300211,533,530,32
913,310428,300645,533,530,32
914,299096,440316,533,530,32
915,425933,462376,533,530,32
916,423859,336958,533,530,32
917,302146,299064,533,530,32
918,311133,300902,533,530,32
919,298699,313930,533,530,32
920,301010,298891,533,530,32
921,298748,301581,533,530,32
922,298940,298712,533,530,32
923,330059,301868,533,530,32
924,299235,310163,533,530,32
925,300495,298611,533,530,32
926,313132,300642,533,530,32
927,299013,311039,533,530,32
928,601406,328799,533,530,32
929,302030,298647,533,530,32
930,298598,304300,533,530,32
931,298723,298558,533,530,32
932,312313,300409,533,530,32
933,298509,313575,533,530,32
934,300238,298665,533,530,32
935,470702,435969,533,530,32
936,329093,618551,533,530,32
937,320422,301170,533,530,32
938,299377,311716,533,530,32
939,300661,298913,533,530,32
940,345011,301336,533,530,32
941,299169,298662,533,530,32
942,301179,315213,533,530,32
943,301100,311653,533,530,32
944,624819,331014,533,530,32
945,301689,298935,533,530,32
946,328200,301219,533,530,32
947,298623,310438,533,530,32
948,300868,298565,533,530,32
949,309894,300090,533,530,32
950,298911,310152,533,530,32
951,300381,298439,533,530,32
952,334213,302354,533,530,32
953,298781,298618,533,530,32
954,311171,300613,533,530,32
955,298856,313775,533,530,32
956,310185,300071,533,530,32
957,312342,300673,533,530,32
958,298807,327494,533,530,32
959,301597,298777,533,530,32
960,605715,301104,533,530,32
961,298943,301780,533,530,32
962,298797,298515,533,530,32
963,310494,300263,533,530,32
964,298661,328826,533,530,32
965,301564,337258,533,530,32
966,319274,300775,533,530,32
967,299013,343152,533,530,32
968,305953,299445,533,530,32
969,311072,300439,533,530,32
970,298391,332583,533,530,32
971,301822,298915,533,530,32
972,317519,309785,533,530,32
973,301646,311854,533,530,32
974,300929,298844,533,530,32
975,298977,338496,533,530,32
976,589143,334736,533,530,32
977,302434,298612,533,530,32
978,313274,301173,533,530,32
979,298802,311034,533,530,32
980,301304,298843,533,530,32
981,313867,300996,533,530,32
982,299051,497984,533,530,32
983,385631,317523,533,530,32
984,301988,299098,533,530,32
985,298985,311726,533,530,32
986,301113,298668,533,530,32
987,311473,300886,533,530,32
988,299140,329996,533,530,32
989,302539,298936,533,530,32
990,314665,301616,533,530,32
991,298648,314133,533,530,32
992,595892,299713,533,530,32
993,301717,299036,533,530,32
994,298697,478955,533,530,32
995,370561,371245,533,530,32
996,316076,308408,533,530,32
997,360628,306090,533,530,32
998,299237,314205,533,530,32
999,300852,298542,533,530,32
