run,dh_ns
0,623370
1,471024
2,414285
3,411264
4,428263
5,414244
6,424691
7,410783
8,593279
9,516791
10,543742
11,414549
12,613752
13,479412
14,424814
15,413588
16,425134
17,410626
18,408729
19,448573
20,409100
21,427630
22,426549
23,429222
24,412031
25,410008
26,424303
27,409357
28,442898
29,413709
30,409587
31,425256
32,409388
33,485502
34,416665
35,545379
36,411589
37,446213
38,414258
39,410989
40,424053
41,410239
42,422178
43,421886
44,426834
45,409739
46,414325
47,439538
48,410549
49,423274
50,410108
51,409647
52,659440
53,574139
54,538824
55,714431
56,469742
57,428596
58,410021
59,424775
60,411061
61,554060
62,527450
63,450332
64,411580
65,409401
66,692001
67,427389
68,411307
69,406337
70,426393
71,410976
72,449377
73,411186
74,411447
75,669430
76,424393
77,463729
78,418225
79,755559
80,463280
81,777271
82,435785
83,409781
84,655281
85,422990
86,426988
87,413381
88,447769
89,413819
90,437059
91,411596
92,412493
93,675542
94,409627
95,803916
96,761150
97,450428
98,677347
99,427158
100,412141
101,409143
102,424673
103,409993
104,453259
105,412018
106,422145
107,409761
108,411304
109,432330
110,410629
111,423471
112,409579
113,408605
114,444385
115,411128
116,424142
117,409402
118,423888
119,438985
120,423056
121,467064
122,452661
123,449838
124,410925
125,422468
126,410000
127,408141
128,426109
129,412533
130,426136
131,412122
132,451509
133,412445
134,407528
135,422657
136,409511
137,423126
138,411730
139,409165
140,422292
141,410757
142,442511
143,471485
144,433167
145,413092
146,411989
147,423424
148,409616
149,428411
150,411586
151,444453
152,413507
153,410959
154,419867
155,414120
156,422258
157,410347
158,408091
159,429537
160,407666
161,451820
162,410508
163,425489
164,412387
165,409554
166,427078
167,450484
168,429343
169,520346
170,464554
171,409079
172,422826
173,409206
174,410883
175,430166
176,409764
177,425894
178,409076
179,411928
180,445295
181,408863
182,428410
183,410402
184,583376
185,504443
186,423817
187,409484
188,573800
189,536388
190,753228
191,447701
192,421413
193,407879
194,426631
195,413693
196,448999
197,412425
198,408369
199,422580
200,414300
201,421460
202,408556
203,410218
204,667831
205,447086
206,414348
207,406833
208,426745
209,409848
210,417566
211,410438
212,433209
213,449686
214,481195
215,496411
216,409425
217,424037
218,425658
219,423695
220,412468
221,410021
222,422221
223,412421
224,441288
225,411651
226,408054
227,423394
228,408514
229,424491
230,408918
231,423040
232,409850
233,410138
234,441357
235,409923
236,502222
237,415844
238,587415
239,508395
240,426552
241,410673
242,444703
243,412458
244,407834
245,425594
246,425524
247,426396
248,410106
249,413331
250,478415
251,411595
252,442461
253,411625
254,424994
255,413457
256,409309
257,425481
258,409231
259,763363
260,495955
261,521177
262,407976
263,429415
264,411190
265,425087
266,418553
267,426998
268,410260
269,412881
270,442879
271,409258
272,424184
273,409773
274,428392
275,411694
276,410157
277,426396
278,410338
279,451496
280,413099
281,407485
282,491713
283,415234
284,426086
285,409370
286,428318
287,411362
288,430275
289,426253
290,410734
291,434493
292,413966
293,425162
294,410883
295,407888
296,426573
297,409998
298,439715
299,411219
300,425629
301,411205
302,410259
303,427878
304,409928
305,424158
306,457773
307,597463
308,787993
309,431888
310,411448
311,651260
312,444917
313,424435
314,413512
315,445433
316,411747
317,421288
318,411456
319,409368
320,426225
321,406006
322,435071
323,434313
324,410684
325,446830
326,410189
327,652004
328,433941
329,667096
330,409449
331,423464
332,410205
333,451157
334,410542
335,424952
336,410650
337,411888
338,428408
339,408467
340,606528
341,470977
342,446648
343,424819
344,422539
345,410945
346,408752
347,424740
348,409484
349,419515
350,465020
351,471396
352,468801
353,487885
354,411893
355,409992
356,424689
357,408993
358,423404
359,406812
360,449759
361,411033
362,409533
363,423073
364,409136
365,594356
366,463689
367,423277
368,411668
369,439399
370,411727
371,408603
372,430733
373,458478
374,682225
375,448947
376,665187
377,411983
378,689273
379,425631
380,411738
381,412079
382,424794
383,411639
384,423872
385,410246
386,447614
387,412724
388,411672
389,667826
390,408637
391,425236
392,411279
393,423937
394,412444
395,720704
396,508142
397,517789
398,413014
399,425246
400,412017
401,421084
402,412271
403,416019
404,444823
405,409620
406,423339
407,413388
408,410204
409,424868
410,411156
411,422655
412,409472
413,442182
414,413331
415,407109
416,425378
417,409692
418,645967
419,474585
420,668322
421,412922
422,450927
423,409367
424,622617
425,439993
426,426307
427,410332
428,423922
429,410912
430,409920
431,444450
432,405829
433,423927
434,411414
435,420046
436,408257
437,411184
438,421964
439,411648
440,490575
441,415395
442,611910
443,572895
444,427862
445,412975
446,422763
447,410027
448,412635
449,450619
450,408012
451,421342
452,410430
453,409900
454,426951
455,410905
456,613530
457,435654
458,441649
459,409522
460,613095
461,475954
462,651781
463,452177
464,673190
465,591408
466,516325
467,426147
468,413849
469,427059
470,428558
471,421720
472,425261
473,409862
474,441975
475,411397
476,409279
477,427182
478,408741
479,426364
480,411233
481,407984
482,424566
483,409943
484,763451
485,432522
486,480288
487,447403
488,429036
489,418898
490,426511
491,411462
492,446687
493,412274
494,410730
495,425586
496,408772
497,425358
498,411373
499,410439
500,423962
501,413094
502,704949
503,411400
504,669445
505,425567
506,413182
507,409867
508,422137
509,412209
510,446382
511,412057
512,409044
513,437180
514,411118
515,424863
516,412063
517,421731
518,410534
519,411011
520,441750
521,410826
522,424918
523,412986
524,552445
525,528255
526,425607
527,412458
528,410578
529,449552
530,470195
531,562396
532,564097
533,695480
534,429848
535,411685
536,413061
537,447484
538,411200
539,422404
540,408715
541,555745
542,514445
543,424673
544,410654
545,409935
546,688822
547,427715
548,435356
549,409569
550,813022
551,445956
552,411562
553,595124
554,519669
555,607866
556,472409
557,425539
558,549538
559,451652
560,428624
561,460150
562,412016
563,407421
564,427287
565,410754
566,424104
567,410980
568,408593
569,654145
570,441612
571,441534
572,410792
573,431776
574,410860
575,742940
576,434748
577,429082
578,449115
579,461726
580,411460
581,443106
582,410774
583,411237
584,680860
585,440553
586,411535
587,409681
588,695944
589,425534
590,413226
591,410572
592,677228
593,412461
594,673529
595,447537
596,413399
597,409749
598,428494
599,428671
600,427425
601,409447
602,554111
603,529226
604,451651
605,413252
606,410996
607,665516
608,425565
609,412520
610,408747
611,666995
612,458392
613,412418
614,411479
615,469972
616,430320
617,649327
618,530767
619,429327
620,414169
621,456781
622,413240
623,420076
624,414267
625,408795
626,422340
627,443198
628,631115
629,487488
630,449672
631,408789
632,613512
633,472429
634,640450
635,446323
636,727608
637,749521
638,470020
639,670842
640,412882
641,425230
642,408706
643,428748
644,434135
645,445036
646,445983
647,413922
648,429653
649,411197
650,425683
651,411045
652,427754
653,411772
654,409725
655,708995
656,408387
657,726068
658,618845
659,583742
660,725899
661,453735
662,412484
663,408539
664,426704
665,411685
666,424349
667,410547
668,540108
669,513938
670,441114
671,410790
672,408908
673,424012
674,406650
675,670105
676,449455
677,675051
678,409244
679,712175
680,611744
681,693437
682,694394
683,606701
684,473636
685,460805
686,408989
687,423160
688,412257
689,410906
690,668754
691,411975
692,427099
693,408531
694,442792
695,409095
696,426075
697,408993
698,693721
699,872782
700,488628
701,495029
702,414636
703,411327
704,548749
705,459334
706,435687
707,411295
708,423108
709,411292
710,409752
711,678723
712,425626
713,410763
714,408513
715,427228
716,409105
717,612866
718,473832
719,697112
720,412620
721,686301
722,557066
723,524477
724,427099
725,410276
726,408699
727,466237
728,409958
729,425750
730,410461
731,425647
732,412164
733,410115
734,424543
735,408551
736,626755
737,473006
738,602857
739,415387
740,682101
741,410659
742,730766
743,481055
744,410714
745,453759
746,416287
747,407422
748,423852
749,408575
750,422322
751,411494
752,412941
753,443797
754,412009
755,422751
756,409399
757,423788
758,410008
759,407297
760,423001
761,412337
762,446030
763,409892
764,562749
765,541652
766,607014
767,470814
768,426937
769,407909
770,446108
771,410011
772,410763
773,422988
774,409321
775,423292
776,410908
777,409874
778,425005
779,411478
780,446594
781,408582
782,424010
783,409258
784,411474
785,426999
786,409239
787,424177
788,409913
789,512808
790,418652
791,410148
792,427992
793,409629
794,425383
795,441498
796,426286
797,410182
798,409335
799,441979
800,408046
801,427095
802,410701
803,409655
804,685504
805,574018
806,507683
807,451683
808,437302
809,679610
810,479688
811,636210
812,444777
813,424783
814,409207
815,446849
816,411373
817,407917
818,427752
819,408464
820,423614
821,407344
822,421970
823,411490
824,409303
825,441658
826,409853
827,422114
828,407538
829,408663
830,424817
831,452991
832,490527
833,415010
834,514626
835,461498
836,429098
837,410460
838,407834
839,422653
840,408569
841,422396
842,408242
843,439709
844,414409
845,409980
846,440007
847,422016
848,423621
849,409890
850,423205
851,411928
852,409040
853,460334
854,408372
855,502307
856,417268
857,424843
858,409268
859,409526
860,427314
861,410467
862,442667
863,413471
864,409020
865,422951
866,409225
867,425984
868,409834
869,424356
870,410004
871,408744
872,445621
873,409259
874,422185
875,409781
876,426731
877,410334
878,409866
879,467073
880,453698
881,447751
882,480474
883,429861
884,410765
885,408231
886,423425
887,410640
888,421323
889,408451
890,441091
891,411881
892,410047
893,425038
894,409508
895,422516
896,411553
897,409361
898,423390
899,409983
900,439653
901,409146
902,422912
903,480916
904,430638
905,427058
906,447623
907,427403
908,410360
909,460098
910,412115
911,408537
912,423549
913,410440
914,422296
915,408377
916,422279
917,413361
918,409191
919,439949
920,409013
921,422223
922,411600
923,408462
924,422040
925,420378
926,455979
927,445235
928,449302
929,409896
930,530026
931,414965
932,410504
933,430823
934,409198
935,422092
936,412009
937,443922
938,410440
939,410545
940,421768
941,410234
942,419741
943,425814
944,410003
945,425870
946,410015
947,449331
948,408633
949,424588
950,489671
951,417201
952,427904
953,460655
954,717560
955,451191
956,412499
957,409466
958,424975
959,411043
960,421120
961,412791
962,408789
963,424641
964,410667
965,444190
966,410540
967,581278
968,635692
969,508842
970,413830
971,439998
972,653851
973,794067
974,453394
975,412464
976,410730
977,426138
978,407603
979,458655
980,413060
981,458136
982,413740
983,407366
984,423995
985,411043
986,424725
987,412849
988,421842
989,436837
990,428955
991,485575
992,595281
993,557936
994,950598
995,902559
996,511348
997,519784
998,411324
999,424238
