worker,epoch,accepted,entries,latency_ns
0,8f39bd29b1c32269dda74b3e367d4458,True,2,1182922
0,cda15c9ed3ecf99094a46fa794d792e7,True,2,673376
0,37dad624edec9247e52717261d830e35,True,2,685874
1,2b294ce4a5ffc2ca1afdb9b5e049f8ae,True,2,2028331
2,8b450403d7b3494400548e0e36106328,True,2,2494518
3,72524bf2d85ae479a0ddb8242ddefe30,True,2,1221751
0,3617231717c11a28dd61750da5e289d7,True,2,2184598
1,f6f5119854aa63e71f1242fe8d96349e,True,2,978389
3,cb787296bafbf73113b2285afc5e9c65,True,2,643770
1,d1ca859472cbdc8c9bdc942492016da7,True,2,2312619
1,eedd51d6feda600b90145903306eddd3,True,2,674285
1,ead517c7231f3fef9c2e99f2178fb406,True,2,624455
1,05471e33e2e38fc70315153e2835dd32,True,2,873272
1,e09982478e69eb48ee1c7e5bd31ab532,True,2,818442
1,72eb07ad5c547c8637a3626459694573,True,2,725288
2,fc75413063640ee09472a46bb794e52f,True,2,10515359
4,09cd6d02fe1ca1d5986cab284fdc7010,True,2,9172949
1,3e50b676ce59851d1d7a5c1238cc539f,True,2,2107475
3,efabd4386105229a87f51f333720ee69,True,2,7399639
5,7078b6da48e35c5af0ba9e13a3af12d9,True,2,7933576
6,014e9fe7674811dcb794f4b77e6415e2,True,2,2577896
0,b852cc2decdbeee6f2ef63b0deae41fb,True,2,11044874
6,5faa9085ae8c2885155a1c33ee221504,True,2,636566
0,3fb2f71a5ad17e6076bc44e268ba3a5a,True,2,622932
6,7da1a4b3b683c283744248cb97b9af9b,True,2,678452
6,843b6353bcd6bd1b3dc4e85ea4b964bc,True,2,625288
4,a32cb3c5dc17e9ad436b575863a0d71c,True,2,2583413
6,618efd45494ab3ffd2a74283069d9a0c,True,2,624140
4,5457d7ab7622985ee9dfe7735fa7544d,True,2,598456
7,a4084aea46e10e4aed44fcc165cc1ca1,True,2,4999785
1,218cf27487c86d4321d485203a203162,True,2,700608
3,9ed212cc126b8800c19e5de0f05087bd,True,2,3829099
5,a35ec6f303a5368148e3bd4b387d70fd,True,2,6120889
7,ca5ceb4018bd3194fcb9ef566a91f840,True,2,1484882
5,b3c8ff153df9d3f5913d3a1a1bfe2e84,True,2,612359
5,4e467cd5d58172489b032f70191ddbbe,True,2,732381
7,8777521b7e338429927bcdc484b7a576,True,2,1428341
3,c0ea70a542479e9799d543765e7f6dea,True,2,1192759
6,e8414deb3caef019243e9f73a541e54a,True,2,5195684
0,6c9d978f728be0a9f492409785b5c493,True,2,7294781
2,61ef88ff2a081ec334947f4aa8531297,True,2,5039371
3,b192be36eadc859345c477cf2be815e2,True,2,2388130
1,776389b7066360b3e216f139b73d854e,True,2,2986449
4,4880d373483976d73796e9b2c33956b2,True,2,7245319
0,3b2f29dc49d70fcc46f357c579a29edb,True,2,1996747
7,ffce1d5bd2bd6174689d22c3fc51e1a0,True,2,4082814
7,8e56e7213823b771a0933d4372848c92,True,2,645636
7,d3147081d5d14dc5010b792a2371e51b,True,2,854293
6,06402f3c2b371f9cf238a8f33b3546f3,True,2,6061246
4,22aa999b0100d361d852864c99132309,True,2,763104
5,dd2dab48f524e99e0c1d6fcf5ef98aa3,True,2,6631560
7,c6e0fcfbf37a8286cf6e0328fca359a7,True,2,2821762
6,5992e8dd0c6a8e0880442558d95705e2,True,2,851573
0,1172be34f718d5faf9a79d345a1afaa0,True,2,633749
1,0a09cea8352e31ce8f88640525160b8d,True,2,2772124
3,15158424f963718c2c1ff1082d7c9ca3,True,2,3928355
3,b0e2931020d4171a23b3c43f4b691888,True,2,694491
5,054d39416bb8e41ec0ce34dcea28b01f,True,2,677456
2,5af664b40f54a1f00180696f1739bdec,True,2,8564035
6,9354808b1754e042d40e6959064c1ae9,True,2,2041794
7,692e6fa5c19fd6f6169ddf394b799ea9,True,2,3677417
4,9a1076a83e159781af45602fa24ccb7a,True,2,4674276
2,6eacf17d93ad3ca8854238843835fbd4,True,2,626977
4,3ecb3487139d76e6b735b7329726a441,True,2,623101
2,a26c191237358819c407eca88c511146,True,2,652024
2,02aa766a45337e452dd06e7dddbce827,True,2,623465
3,80beeee10775fe01652173ed7ea5f9f0,True,2,3806350
0,ae9f79d694464a376ce62e85c2b9c5fe,True,2,5776601
2,85ae65665752c7449c4bca9de9821965,True,2,640510
4,4734a1cccb501bb743e96af449626616,True,2,2027179
7,c5c59e1514af614418a8188979fdef09,True,2,2154433
5,25879d6cf61cc5a71460f060ea0c6bff,True,2,4665468
2,3731c46ee5b796ccb098865cd6ffa432,True,2,1478929
2,346af29933ebee32d07ef0a41a4b5b74,True,2,657564
3,8087f02a8cd033913bac95c9d7ecf5e8,True,2,645092
4,d0fe272bb3c5930f7713008d37f39c0a,True,2,2695289
1,eaf2fc228726d8e971b0947024253aa2,True,2,6970630
4,f8c88e40b6c428ea5929390e8c8d80fd,True,2,625458
0,5621d1b883d7182a100ab6a98b8fa573,True,2,3059672
2,1ed8f8b96c3f84d720907c1dec005798,True,2,2651755
0,4dd66f7ff4224b96d35b0d872a0bfbaa,True,2,827629
2,00702898724e15c329110e59264bcb6b,True,2,655577
1,6cc7575bf1425df74170403a89ccd819,True,2,2961846
3,780fa17813302115569807dca5bede58,True,2,3852922
7,929a108e439ee87e0b2f7811b90051ac,True,2,6282812
1,7e40b9ea4b74c35d4db787fd1923950a,True,2,1080694
7,9c3487962f7667399054c98d30cde81f,True,2,749141
1,6b7d140e08b0cc7e72f07deaded1dae2,True,2,671935
5,eda146d4dbd1fc9a815e627a72be23d2,True,2,6279448
0,9d816f1e9db85d379c95b50e15fc9830,True,2,3222345
7,9e736b0a260509be43c54873c8700b66,True,2,1108341
4,ed8d2695bd8bda2ec9375c90953c2b38,True,2,3274706
2,7a194c4fd7d1e78b23f3b82e83ef7624,True,2,643743
3,590e6db96fe68bf8f28a8f07e97bdb94,True,2,636396
6,d5a38cc61adf3166835785d74f77a84f,True,2,14855524
6,1916d691e950318f62c0c8cb716a0921,True,2,680629
6,b9b4ea10628ec8f2848e6063d7894db3,True,2,722811
7,26711d01da89d2f8d34cad4598beea09,True,2,623636
2,6f21f179cc07434328179404df7d8dbd,True,2,3184838
1,4ff1a16a514040c14dd915de2c04bca2,True,2,5572820
3,d011f0182791e2672a0e33e587ac0513,True,2,3787109
5,43c839b13d85db3c36df4a0532c1e4dc,True,2,5076162
7,d67f6464a865a6eab13e067d2a710449,True,2,2099477
5,a52b0c363a7537ab552bf86a14c9e220,True,2,710018
0,2e845a1280ba218e95be16a13301d1ce,True,2,4910158
6,e5e456c37b67bccdc9d9c0bdb8865a3d,True,2,3981175
4,2f35527ec9ebb4ff57090364eab2a8a4,True,2,5296601
7,8406fe01238f1a27a1873cc55ea9b453,True,2,1965055
3,75c772d31b78efe9c56233e755b628c1,True,2,2867738
5,022e22c93a02e0613c53e69efcf503e0,True,2,2099751
3,7a1eddd9051dae7dd0ee8a1b0cf2fe9c,True,2,656644
6,cbcafcd9a0a0d48a62e2fde2bbf78056,True,2,1498645
0,de48a8571f902043307f2915b1e689ac,True,2,2426470
2,9027d827701a53face0964431e6c3270,True,2,5684911
3,2ef5ba8d8c4d206b80927c0edb74009d,True,2,1961734
5,fe0056608dbfe948a63dfc75cfc0ac63,True,2,2823652
0,31ae9fc3e9da4b178f5b953155bec6d5,True,2,1572157
0,3bc5771635d928aad20c5ff06896ab29,True,2,629064
1,4258bb0bae2746c5881191c030063e91,True,2,5436293
1,b9d91a64fa523ecacff222fc92f1a94c,True,2,787690
3,108a9dc69ad3f255793bb01ec0a9c92a,True,2,599475
7,2b5f2630e92fec3fa4f47c16ff37c880,True,2,3871921
6,9ad204bb007773674d90889ec63617e0,True,2,655013
7,22c7b00389073bdeadf3c8706d892a86,True,2,621981
2,f7dfe7cf70bee05b8d5f8f59cb988d31,True,2,4930072
7,b7bcec5da03fb02a2c0c57eaaa8be384,True,2,802001
4,a51e9dddb98f134605cd1f85ba5ca924,True,2,5901991
5,8ad38fd32f2beb8a78cabb20762eb444,True,2,4933446
6,8300649fcc285fa8cad05f05f328177f,True,2,1915268
0,e3ae7177b4f3c16eb129a4850ce48c6a,True,2,4643986
2,d76c906e8a605dacee5e72b071614563,True,2,1547192
1,ba8ae37ece3b1a431dd5d72c68a93341,True,2,3674595
4,8743811f8acceafab54d8069811a7485,True,2,924167
6,87b2ff625c9e7db03a2d11efc734be97,True,2,625592
3,7000860569bef7088ba5358632267de0,True,2,5451912
2,49eaa4dc59822cf3fe732ea1a6d097a7,True,2,3538317
4,5166ee1612b88079ee153278601a0d9c,True,2,2713386
0,86d3d3bc6ebcd7c97cf7040c36b464b3,True,2,4843912
1,b3ad9633b0c521b8ee788bea942337fd,True,2,4688164
5,23a7da73c5d356b082213fed0ab4133a,True,2,3301669
0,06f053ed5370ec8205e936553078e2b7,True,2,807638
5,5ffabb097d0da8338c222b16b1162d00,True,2,652704
2,13b35b7f4d124ef771b29022b869eca7,True,2,2339272
6,44b266bc5347836babbca6b013661ef5,True,2,5375198
3,47e26871b566f1f4d1842f48c78f033e,True,2,5121649
7,3a2212548cbfa5f3c96514d50edbf03e,True,2,5427221
4,6ae33d1552741a395cb45a77e30c1810,True,2,4744974
1,e9947a41915ecba4a0e1d9899686dabd,True,2,2650317
0,91eb8adf6c03dc47a3f661882d12b3e4,True,2,2443531
5,f6ec28c50fadd4a6003b99f8e5ebdd91,True,2,1193682
3,26405798619628cb486c232a6f17b3ee,True,2,3132809
2,683f8794dd77430414d181ee98b83114,True,2,3232294
6,dfca1f7b2eb2358bc6a742ad32c8bbea,True,2,4225192
0,5eef1ee46b4f2d56a6933facd99751c6,True,2,3090920
7,105bb7fdc9f93967ebbf7228c630c8a5,True,2,1592222
6,c26e7a6dd3ee135ced1a8e37f8faf924,True,2,694493
0,f67da76529d6c415900ef2ae37445374,True,2,1418939
5,384e978346f97a308c61179b53d8c767,True,2,2487954
4,8060a35c7b38a8b27b152cbb4c186313,True,2,5385671
3,f00a088a32cebf7fd0f61a169b87515a,True,2,4014517
1,3e56c00b94cfff2cf44a706fc2368034,True,2,4291562
7,692b91fcc461788972eaae79019ef3f4,True,2,2445251
1,d61e18438ac5fdfa7556fa37d631d828,True,2,717275
2,e2e3dfb680488e3c0e8d8f831e501826,True,2,2421026
6,91d805418f5a3765a09cd34846c7fb15,True,2,3923920
7,8b66e0f7c9269133be2ec534a7750cde,True,2,2510532
4,d301c80599d9d487fbb18f15e591ab92,True,2,1480752
1,d39bb689a7ae9d0a63cb9898ada2b2d4,True,2,2356934
3,0b120f2b004adc4347c0a4e4436512b0,True,2,4415263
6,78e7362de1fd917b3d8eaeb305013c02,True,2,2325195
5,c68f38b0021e8a0ebc90d2445880bbd1,True,2,1405463
2,24109682a692d7ce00e0fea2f0595a80,True,2,3301398
7,c513794e2010a65e98a57acb033c448d,True,2,2221617
2,db879c668c0e6a63fcedd050a461a6a2,True,2,650603
7,8ae054323e9b64126c3ce20b9206d8dc,True,2,670323
4,0fa93daeb8c1fa3ca2991d66b362bca4,True,2,2988938
4,68ec1e51515a75a770004c009b809285,True,2,699907
6,6999631d44cf20b79e634d2e661f3e00,True,2,644541
0,e9a8cd1ab53f10e134b6d3aba985bbca,True,2,8248188
3,2bb51dc57f5282c054b9c7c290d6f5b0,True,2,3029658
2,50be60674c8081cc73e0d40394906d6a,True,2,701536
6,8630809864285c8cede5e81b483d8c41,True,2,1278110
4,3ad6ca546034da89a59fbe1ab46699a8,True,2,624732
5,0dd07dbf86ca4221a096340ba9590010,True,2,4604331
4,41b77ae78cce0465d782cc4760c9c28d,True,2,649416
6,4e31fa7d58243af8ceb84824aa62d103,True,2,2491294
0,101df1d263f946cd84b9d41aafccf0b5,True,2,1536526
3,965447ea3b4ebdecf245252236f90cfd,True,2,4210563
5,dd6d20a107cb1a1a7af9f76215a8509b,True,2,1975394
4,c952f30a8158e13470d0d914ddd06838,True,2,1456677
7,10d2a2313b546bfacafded9638caaf9a,True,2,5094966
2,d0293134ae85f47ae6ccae7ba0fbeff6,True,2,830074
5,633e2a850d468069ccabbb67970ec58f,True,2,1481810
3,f9f2f3d7fac3b3e9b8b1d265a63a7d3d,True,2,1665427
4,8b71ac2e58e85a06d705ceef62b000b0,True,2,1035282
4,4cb920ce5fca4795e3b859975b26ccac,True,2,637282
5,d2d9d6339b5aaffaf8e6606e299d9b98,True,2,1764893
5,c8aa4e907b47fb56c7a23f78ee0b518b,True,2,879238
5,27308b6d4b4fd38ca3cac8f133a87557,True,2,634259
5,c8961f0315df2edb914cfe01a17dc9e9,True,2,623954
