run,quote_ns,checkquote_exit_code,nonce_hex
0,196386719,0,63af0622c9654920dca454973c3ab87a
1,202317349,0,1186a5cc5ed2098e22e78dfc940434dc
2,195567043,0,bf0c54995b49d61747065d803b5a492e
3,197038552,0,6fa8f1f51d204aa3b930f66a4ef17afc
4,197550019,0,13400a69d786a07f572ec7047d8c2fb7
5,193287108,0,9b04c2f9c185874a747f808488ca92d6
6,196287438,0,96a362b267ea878c41dcf1869ab6e1a7
7,192821803,0,f301f472e5904c224c6a52a9307f904a
8,200338021,0,78b3fd9dcf43a99a1cbef8a35c70fc53
9,198432824,0,28e12386a4b9af24df5144dfa61685c9
10,196477382,0,11239ca9cfc698ade2dc086668c692c2
11,196631019,0,22cbdfe71035a10ebaddf54380b42d72
12,195043600,0,70cf9c3dfcb05307f7c4953d0ba2ced2
13,184774474,0,94c8bfdf2cc4541de694fbc392bc6dd1
14,181300783,0,402dc18aa922028c50cf820958d48483
15,192269301,0,095bfe97c29565a7b8f863368ef0451d
16,195547911,0,6a2f8344c373b37d7d96de3320e6e9d7
17,194364020,0,a2417681ff82618793891d9884b205b5
18,193204541,0,60a21709a734d33f39f19021133c4edb
19,193527669,0,382b9b42936882648c0abe12e8ea527c
20,193568192,0,f872a28f11f143616eb473745775d3e8
21,194049840,0,c02a3bad0387487edb5036667c1dc223
22,195710992,0,7b87187e31690d41d5387a782a037043
23,194518541,0,465f46ea848cfa2a8eeedeb85d4b0595
24,191571235,0,4dbe889ad0a78b73c61f26aab11ffb89
25,195014943,0,355b93cbb0d6469ac8f610d440372030
26,194968540,0,df8ad8bfd90796e407451347068257eb
27,192362105,0,6936df8f9a31e0c85bfeb4fb92d47d24
28,195777277,0,85a2f0307b7253f09667272ff42f1d4d
29,193572832,0,36beacd431ef8c54779bdc6571e8859d
30,197100276,0,4ff85d60be448d987b7b748249c01592
31,193599063,0,65275fd65a17be9331f4be6d29403d84
32,193526215,0,5a46e4107a31953808a8efc39f040af1
33,195933024,0,6253b4d5d4aa24406834a68552b6c12e
34,197201152,0,166a00a922703c051ca4c6f4e2b1252c
35,196359863,0,43b141ea78af8288c8e4bc4e46182061
36,198470811,0,ce103c410dd023c97b118a1b0adfd183
37,193423381,0,3b7935a6d53efd21c2a5128f7a511709
38,193835144,0,65eb51b560f4793913df9ac384b385ec
39,196870506,0,bc397002a127b4a024efe0b6f775de3b
40,195687824,0,f391f848afa7ceb717569ee3c81b353d
41,194751017,0,4c3c7ffcec1e6c174a116ca2450b4f84
42,192428266,0,377c76d1f516f1fafc232e908b2fc610
43,194739573,0,a510e3c0be4611f639b90e449a1096ad
44,193742764,0,48df7ea2cf9e54a8125f668aa1d67420
45,194781469,0,903baa751d2a527561f3e61d9808c21b
46,186343052,0,545312a3b7453e2adc7b54954dcfa28a
47,179954677,0,c04af2ad1bc2c3e71792347663282226
48,186490721,0,11c19b4e72fd29e0ba65ea47bfb58dd0
49,194261683,0,ec84aa8121dc1d52e92de596cb1ed488
50,198353902,0,0792a28b029e68455de85f3b32fa3098
51,193031918,0,a5dd36250d5cf43f725a891b5b1659b1
52,192380414,0,ae53e1d7a31234c1bca0189cdbbb258b
53,199684425,0,92415f318f67557dc20b6e9a902af2a8
54,185182720,0,936e2c6042bb1d232ec56083afecbdb9
55,193454148,0,7a4f795b28182ebf7750768886c15882
56,186785974,0,e28ae06aad2e747f90a6306c449ad83e
57,192035824,0,ca403f52fca3c2b5e63bda1a8fa3070f
58,191236061,0,062feb4ed8b569b9ac5b5ce193632add
59,193675673,0,0cc4953acf76ad2b5db09f0e10528866
60,190580752,0,6f2499eff126d14683aadd1a462589d8
61,191386608,0,1a299afc571ead548cfcf363543e88f6
62,191432489,0,bd4eea541fe9a3239dff6558c72b878b
63,190853991,0,5ad328ddf66ddd75a3fd0923b1eafbe8
64,180377369,0,ce8e5e346e4038b37453bd298f341a2d
65,178335287,0,8d73b8eeb58cb78882c716b2bd598bf7
66,194597893,0,0503b66f2182c5063b508cccf43de3b4
67,195453581,0,37ce193d2f8424005d9c013869b74618
68,195846128,0,fa8257222f2b6c8d8c5db3d729486837
69,189862646,0,001f67ae2096e619317c2e3759c1de05
70,184064422,0,c096c04a7f21deb09d66731bb26bf36c
71,188097447,0,6d1c3853c20d4258cad3bd8be45fb5d0
72,192809695,0,7bdc978f81ef473642a4ad10bb1c493b
73,197449270,0,abe29d797d0ca255ce979dd591b3d0f4
74,194013740,0,2c01e36f49307f5aa2aa3211a68695f6
75,199858929,0,1b47883a20996e4a862bcbdb5fc8116b
76,194908674,0,f6eee874f71f5b056e79f8b30cb73520
77,197564568,0,e8308501ef2150202e7465c70bc33fdd
78,193318938,0,73d414461897fba973e8208258ac17dc
79,200135294,0,2b551c655458ec611c204a9a7e53123a
80,195977189,0,88110a0f5b5dbc19a780e8ca4ede05bb
81,194099399,0,fe2ada54f5de59360813023b2c717a1e
82,195816090,0,184fb46149470703af135e1b3205080c
83,195639369,0,8cb2ea80b707b1eff36f18081f9a6a9f
84,200533018,0,fb8c34d38b2854080bc7343af0ea3975
85,192552987,0,0007ea8bd956b685c3ee375039f30347
86,186601131,0,cb65ef1b3e0b1956ecdae5c568ff57dd
87,186423491,0,f30b88a73dbb7dfc770b5f88b5214042
88,183387119,0,6e50e26e2a2dab38210f76fdd8cc5e4c
89,188134472,0,f4f70c1205326876f91c396b09a85dce
90,193294486,0,ba522212cd75efd9013d360185be6d16
91,203262628,0,4f555ec21b5da4f7881f4d49f755e08a
92,196568146,0,1858de833ba59425faa8ccc82443433f
93,192010553,0,45204c38fcf4651df11354df84b1aae5
94,196142674,0,f79d58b72c0d5368315fc9df83b5d766
95,198331384,0,baf50e4fb755534d7d615e9a5fe72b9f
96,193324923,0,682d8d02c231edd64c2e6218f84233cb
97,192658004,0,abce2d2b272d38377b48a120d5a2ade7
98,199085440,0,609154c1a7cb39ea48df06ae1da033f0
99,195328352,0,27e863cb233522bb19fac96effc7fba0
