run,quote_ns
0,182279183
1,194491851
2,193678791
3,196443216
4,196189026
5,205857722
6,203158264
7,192465175
8,184544268
9,193936255
10,196845572
11,198190659
12,198854433
13,197152801
14,188492943
15,184416528
16,196606713
17,201509051
18,197818910
19,192992512
20,197996567
21,196005154
22,194759401
23,195880950
24,180483897
25,193572636
26,195182805
27,197107123
28,194770393
29,197135982
30,195074904
31,191683190
32,196139392
33,198168139
34,197769868
35,197221205
36,195602037
37,196187624
38,193978438
39,193697441
40,186102933
41,189134417
42,198435249
43,196570484
44,197862147
45,198170243
46,196029215
47,191899658
48,187386285
49,196582917
50,194833234
51,196241948
52,191958740
53,197816512
54,193083617
55,196936088
56,196039148
57,197973364
58,183589388
59,184133802
60,197322985
61,198872742
62,195133428
63,195042483
64,194708769
65,193229775
66,196806746
67,197293506
68,197682932
69,189249585
70,182200100
71,183591634
72,197314509
73,193716611
74,196840979
75,197155085
76,196027695
77,187548005
78,190951820
79,191555497
80,196876659
81,195895406
82,196742445
83,192212558
84,183295489
85,189230693
86,197908728
87,196605213
88,198096412
89,197367743
90,195570998
91,196492989
92,191507368
93,192005810
94,207615990
95,195026179
96,197157739
97,198872434
98,197009385
99,196248316
